<BackupInst xmlns="http://www.microsoft.com/GroupPolicy/GPOOperations/Manifest"><GPOGuid><![CDATA[{592AE2BE-11A6-4519-8451-21A87302033E}]]></GPOGuid><GPODomain><![CDATA[CIS.BM]]></GPODomain><GPODomainGuid><![CDATA[{09a94884-59a0-4a2a-8795-69a6bc23c4e7}]]></GPODomainGuid><GPODomainController><![CDATA[WindowsBMDC.CIS.BM]]></GPODomainController><BackupTime><![CDATA[2023-10-12T18:29:55]]></BackupTime><ID><![CDATA[{7E7C1B79-A78A-4093-971E-CFFA0A1F7A7F}]]></ID><Comment><![CDATA[CIS Microsoft Windows Server 2016 STIG v2.0.0 Member Server Level 2 Services]]></Comment><GPODisplayName><![CDATA[Windows Server 2016 STIG 22H2 MS L2 Services]]></GPODisplayName></BackupInst>
