<BackupInst xmlns="http://www.microsoft.com/GroupPolicy/GPOOperations/Manifest"><GPOGuid><![CDATA[{C5113B96-F7B3-43C6-A717-C12F65D62B1A}]]></GPOGuid><GPODomain><![CDATA[CIS.BM]]></GPODomain><GPODomainGuid><![CDATA[{09a94884-59a0-4a2a-8795-69a6bc23c4e7}]]></GPODomainGuid><GPODomainController><![CDATA[WindowsBMDC.CIS.BM]]></GPODomainController><BackupTime><![CDATA[2023-05-17T18:51:36]]></BackupTime><ID><![CDATA[{B299CF24-78A2-4AFE-8651-119FDB80B357}]]></ID><Comment><![CDATA[]]></Comment><GPODisplayName><![CDATA[Windows 10 Stand Alone 22H2 Comp L2]]></GPODisplayName></BackupInst>
