<Backups xmlns="http://www.microsoft.com/GroupPolicy/GPOOperations/Manifest" xmlns:mfst="http://www.microsoft.com/GroupPolicy/GPOOperations/Manifest" mfst:version="1.0"><BackupInst><GPOGuid><![CDATA[{E7A75F3A-8314-4940-87B8-1F58931820AE}]]></GPOGuid><GPODomain><![CDATA[CIS.BM]]></GPODomain><GPODomainGuid><![CDATA[{09a94884-59a0-4a2a-8795-69a6bc23c4e7}]]></GPODomainGuid><GPODomainController><![CDATA[WindowsBMDC.CIS.BM]]></GPODomainController><BackupTime><![CDATA[2023-10-12T18:31:22]]></BackupTime><ID><![CDATA[{8F893FA7-4D12-4E9C-8F4B-2306BB75E956}]]></ID><Comment><![CDATA[CIS Microsoft Windows Server 2016 STIG v2.0.0 User Level 2]]></Comment><GPODisplayName><![CDATA[Windows Server 2016 STIG 22H2 User L2]]></GPODisplayName></BackupInst></Backups>