<BackupInst xmlns="http://www.microsoft.com/GroupPolicy/GPOOperations/Manifest"><GPOGuid><![CDATA[{010F2D47-4B5D-4FE2-9F15-F93E1096627F}]]></GPOGuid><GPODomain><![CDATA[CIS.BM]]></GPODomain><GPODomainGuid><![CDATA[{09a94884-59a0-4a2a-8795-69a6bc23c4e7}]]></GPODomainGuid><GPODomainController><![CDATA[WindowsBMDC.CIS.BM]]></GPODomainController><BackupTime><![CDATA[2023-05-17T18:53:18]]></BackupTime><ID><![CDATA[{51472497-0FE4-439B-8AAD-8516BB45479F}]]></ID><Comment><![CDATA[]]></Comment><GPODisplayName><![CDATA[Windows 10 Stand Alone 22H2 User L2]]></GPODisplayName></BackupInst>
