<Backups xmlns="http://www.microsoft.com/GroupPolicy/GPOOperations/Manifest" xmlns:mfst="http://www.microsoft.com/GroupPolicy/GPOOperations/Manifest" mfst:version="1.0"><BackupInst><GPOGuid><![CDATA[{7A5CCF8E-25DE-4422-A3E7-09D55066822B}]]></GPOGuid><GPODomain><![CDATA[CIS.BM]]></GPODomain><GPODomainGuid><![CDATA[{09a94884-59a0-4a2a-8795-69a6bc23c4e7}]]></GPODomainGuid><GPODomainController><![CDATA[WindowsBMDC.CIS.BM]]></GPODomainController><BackupTime><![CDATA[2023-10-12T18:33:41]]></BackupTime><ID><![CDATA[{EC08A1B7-D4A1-40A0-9ED8-BD33DC5BA0EE}]]></ID><Comment><![CDATA[CIS Microsoft Windows Server 2016 STIG v2.0.0 Domain Controller STIG]]></Comment><GPODisplayName><![CDATA[Windows Server 2016 STIG 22H2 DC STIG]]></GPODisplayName></BackupInst></Backups>