<BackupInst xmlns="http://www.microsoft.com/GroupPolicy/GPOOperations/Manifest"><GPOGuid><![CDATA[{F7A64AB1-2ED8-4EFB-B680-94A38A89AF4B}]]></GPOGuid><GPODomain><![CDATA[CIS.BM]]></GPODomain><GPODomainGuid><![CDATA[{09a94884-59a0-4a2a-8795-69a6bc23c4e7}]]></GPODomainGuid><GPODomainController><![CDATA[WindowsBMDC.CIS.BM]]></GPODomainController><BackupTime><![CDATA[2023-05-17T18:51:21]]></BackupTime><ID><![CDATA[{EF6E5516-C751-4F3B-A849-C57D772C1B83}]]></ID><Comment><![CDATA[]]></Comment><GPODisplayName><![CDATA[Windows 10 Stand Alone 22H2 Comp L1]]></GPODisplayName></BackupInst>
