<BackupInst xmlns="http://www.microsoft.com/GroupPolicy/GPOOperations/Manifest"><GPOGuid><![CDATA[{855D7136-8893-4F2C-8DF8-7271C59DF0A1}]]></GPOGuid><GPODomain><![CDATA[CIS.BM]]></GPODomain><GPODomainGuid><![CDATA[{09a94884-59a0-4a2a-8795-69a6bc23c4e7}]]></GPODomainGuid><GPODomainController><![CDATA[WindowsBMDC.CIS.BM]]></GPODomainController><BackupTime><![CDATA[2023-05-17T18:50:55]]></BackupTime><ID><![CDATA[{008CB105-D62F-4816-AFDF-2BC8068BA2FB}]]></ID><Comment><![CDATA[]]></Comment><GPODisplayName><![CDATA[Windows 10 Stand Alone 22H2 Bitlocker]]></GPODisplayName></BackupInst>
