<Backups xmlns="http://www.microsoft.com/GroupPolicy/GPOOperations/Manifest" xmlns:mfst="http://www.microsoft.com/GroupPolicy/GPOOperations/Manifest" mfst:version="1.0"><BackupInst><GPOGuid><![CDATA[{CDD9C4B1-FFF8-4467-AFCB-989CBF4CD570}]]></GPOGuid><GPODomain><![CDATA[CIS.BM]]></GPODomain><GPODomainGuid><![CDATA[{09a94884-59a0-4a2a-8795-69a6bc23c4e7}]]></GPODomainGuid><GPODomainController><![CDATA[WindowsBMDC.CIS.BM]]></GPODomainController><BackupTime><![CDATA[2023-10-12T18:29:34]]></BackupTime><ID><![CDATA[{D6E358C2-97D2-4152-B683-36AA205A005B}]]></ID><Comment><![CDATA[CIS Microsoft Windows Server 2016 STIG v2.0.0 Member Server Level 2]]></Comment><GPODisplayName><![CDATA[Windows Server 2016 STIG 22H2 MS L2]]></GPODisplayName></BackupInst></Backups>