<Backups xmlns="http://www.microsoft.com/GroupPolicy/GPOOperations/Manifest" xmlns:mfst="http://www.microsoft.com/GroupPolicy/GPOOperations/Manifest" mfst:version="1.0"><BackupInst><GPOGuid><![CDATA[{8CB88798-F49A-4E74-BE5B-6D8E2D79D532}]]></GPOGuid><GPODomain><![CDATA[CIS.BM]]></GPODomain><GPODomainGuid><![CDATA[{09a94884-59a0-4a2a-8795-69a6bc23c4e7}]]></GPODomainGuid><GPODomainController><![CDATA[WindowsBMDC.CIS.BM]]></GPODomainController><BackupTime><![CDATA[2023-10-12T18:32:05]]></BackupTime><ID><![CDATA[{AF805695-550C-4F44-94E7-78F3C78AB41F}]]></ID><Comment><![CDATA[CIS Microsoft Windows Server 2016 STIG v2.0.0 Domain Controller Next Generation]]></Comment><GPODisplayName><![CDATA[Windows Server 2016 STIG 22H2 DC NGWS]]></GPODisplayName></BackupInst></Backups>