<BackupInst xmlns="http://www.microsoft.com/GroupPolicy/GPOOperations/Manifest"><GPOGuid><![CDATA[{AEB7CFB9-7D53-4F41-9AF3-DCB1729C087D}]]></GPOGuid><GPODomain><![CDATA[CIS.BM]]></GPODomain><GPODomainGuid><![CDATA[{09a94884-59a0-4a2a-8795-69a6bc23c4e7}]]></GPODomainGuid><GPODomainController><![CDATA[WindowsBMDC.CIS.BM]]></GPODomainController><BackupTime><![CDATA[2023-10-12T18:30:31]]></BackupTime><ID><![CDATA[{7C44EF97-BCD0-486A-8709-33E481601DD6}]]></ID><Comment><![CDATA[CIS Microsoft Windows Server 2016 STIG v2.0.0 Member Server Next Generation]]></Comment><GPODisplayName><![CDATA[Windows Server 2016 STIG 22H2 MS NGWS]]></GPODisplayName></BackupInst>
