<BackupInst xmlns="http://www.microsoft.com/GroupPolicy/GPOOperations/Manifest"><GPOGuid><![CDATA[{C95D5B05-99C2-4786-A820-1E77A407482E}]]></GPOGuid><GPODomain><![CDATA[CIS.BM]]></GPODomain><GPODomainGuid><![CDATA[{09a94884-59a0-4a2a-8795-69a6bc23c4e7}]]></GPODomainGuid><GPODomainController><![CDATA[WindowsBMDC.CIS.BM]]></GPODomainController><BackupTime><![CDATA[2023-10-12T18:33:17]]></BackupTime><ID><![CDATA[{E50BC333-8D14-453D-9785-108003487410}]]></ID><Comment><![CDATA[CIS Microsoft Windows Server 2016 STIG v2.0.0 Domain Controller Level 1]]></Comment><GPODisplayName><![CDATA[Windows Server 2016 STIG 22H2 DC L1]]></GPODisplayName></BackupInst>
