<BackupInst xmlns="http://www.microsoft.com/GroupPolicy/GPOOperations/Manifest"><GPOGuid><![CDATA[{A109C285-5B9B-4140-BF91-5460DFA080A4}]]></GPOGuid><GPODomain><![CDATA[CIS.BM]]></GPODomain><GPODomainGuid><![CDATA[{09a94884-59a0-4a2a-8795-69a6bc23c4e7}]]></GPODomainGuid><GPODomainController><![CDATA[WindowsBMDC.CIS.BM]]></GPODomainController><BackupTime><![CDATA[2023-05-17T18:53:01]]></BackupTime><ID><![CDATA[{E03F2516-7E73-4582-823D-23C96EE90ACC}]]></ID><Comment><![CDATA[]]></Comment><GPODisplayName><![CDATA[Windows 10 Stand Alone 22H2 User L1]]></GPODisplayName></BackupInst>
