<Backups xmlns="http://www.microsoft.com/GroupPolicy/GPOOperations/Manifest" xmlns:mfst="http://www.microsoft.com/GroupPolicy/GPOOperations/Manifest" mfst:version="1.0"><BackupInst><GPOGuid><![CDATA[{8261806F-6DE4-4E11-875E-AD9C9E8D343A}]]></GPOGuid><GPODomain><![CDATA[CIS.BM]]></GPODomain><GPODomainGuid><![CDATA[{09a94884-59a0-4a2a-8795-69a6bc23c4e7}]]></GPODomainGuid><GPODomainController><![CDATA[WindowsBMDC.CIS.BM]]></GPODomainController><BackupTime><![CDATA[2023-10-12T18:32:56]]></BackupTime><ID><![CDATA[{0CACD023-7BAC-4214-8E4F-8DF4BB2B3556}]]></ID><Comment><![CDATA[CIS Microsoft Windows Server 2016 STIG v2.0.0 Domain Controller Level 1 Services]]></Comment><GPODisplayName><![CDATA[Windows Server 2016 STIG 22H2 DC L1 Services]]></GPODisplayName></BackupInst></Backups>