<BackupInst xmlns="http://www.microsoft.com/GroupPolicy/GPOOperations/Manifest"><GPOGuid><![CDATA[{3681E7B0-9018-443D-9429-FB5A01CAAD43}]]></GPOGuid><GPODomain><![CDATA[CIS.BM]]></GPODomain><GPODomainGuid><![CDATA[{09a94884-59a0-4a2a-8795-69a6bc23c4e7}]]></GPODomainGuid><GPODomainController><![CDATA[WindowsBMDC.CIS.BM]]></GPODomainController><BackupTime><![CDATA[2023-10-12T18:32:32]]></BackupTime><ID><![CDATA[{DBFDD368-5FA9-4088-9308-806D6A9A8250}]]></ID><Comment><![CDATA[CIS Microsoft Windows Server 2016 STIG v2.0.0 Domain Controller Level 2]]></Comment><GPODisplayName><![CDATA[Windows Server 2016 STIG 22H2 DC L2]]></GPODisplayName></BackupInst>
