<Backups xmlns="http://www.microsoft.com/GroupPolicy/GPOOperations/Manifest" xmlns:mfst="http://www.microsoft.com/GroupPolicy/GPOOperations/Manifest" mfst:version="1.0"><BackupInst><GPOGuid><![CDATA[{EF6BD8F7-5647-4401-8C5D-A5CF48B0E007}]]></GPOGuid><GPODomain><![CDATA[CIS.BM]]></GPODomain><GPODomainGuid><![CDATA[{09a94884-59a0-4a2a-8795-69a6bc23c4e7}]]></GPODomainGuid><GPODomainController><![CDATA[WindowsBMDC.CIS.BM]]></GPODomainController><BackupTime><![CDATA[2023-10-12T18:29:09]]></BackupTime><ID><![CDATA[{28FE2D1E-6A41-436B-A178-C211DF7E3455}]]></ID><Comment><![CDATA[CIS Microsoft Windows Server 2016 STIG v2.0.0 Member Server Level 1]]></Comment><GPODisplayName><![CDATA[Windows Server 2016 STIG 22H2 MS L1]]></GPODisplayName></BackupInst></Backups>