<Backups xmlns="http://www.microsoft.com/GroupPolicy/GPOOperations/Manifest" xmlns:mfst="http://www.microsoft.com/GroupPolicy/GPOOperations/Manifest" mfst:version="1.0"><BackupInst><GPOGuid><![CDATA[{1B25AADA-5480-4B1E-8431-45342E4AFF88}]]></GPOGuid><GPODomain><![CDATA[CIS.BM]]></GPODomain><GPODomainGuid><![CDATA[{09a94884-59a0-4a2a-8795-69a6bc23c4e7}]]></GPODomainGuid><GPODomainController><![CDATA[WindowsBMDC.CIS.BM]]></GPODomainController><BackupTime><![CDATA[2023-10-12T18:34:43]]></BackupTime><ID><![CDATA[{6AC09B50-ECA9-4669-BBAE-73D49538D8A5}]]></ID><Comment><![CDATA[CIS Microsoft Windows Server 2016 STIG v2.0.0 User STIG]]></Comment><GPODisplayName><![CDATA[Windows Server 2016 STIG 22H2 User STIG ]]></GPODisplayName></BackupInst></Backups>