<Backups xmlns="http://www.microsoft.com/GroupPolicy/GPOOperations/Manifest" xmlns:mfst="http://www.microsoft.com/GroupPolicy/GPOOperations/Manifest" mfst:version="1.0"><BackupInst><GPOGuid><![CDATA[{FE75D5B9-7B30-4A0B-A775-BC3D914AECFB}]]></GPOGuid><GPODomain><![CDATA[CIS.BM]]></GPODomain><GPODomainGuid><![CDATA[{09a94884-59a0-4a2a-8795-69a6bc23c4e7}]]></GPODomainGuid><GPODomainController><![CDATA[WindowsBMDC.CIS.BM]]></GPODomainController><BackupTime><![CDATA[2023-10-12T18:34:16]]></BackupTime><ID><![CDATA[{7EE81AF4-85C0-4CBE-BF4A-C6A29848EFC7}]]></ID><Comment><![CDATA[CIS Microsoft Windows Server 2016 STIG v2.0.0 Member Server STIG]]></Comment><GPODisplayName><![CDATA[Windows Server 2016 STIG 22H2 MS STIG]]></GPODisplayName></BackupInst></Backups>