<Backups xmlns="http://www.microsoft.com/GroupPolicy/GPOOperations/Manifest" xmlns:mfst="http://www.microsoft.com/GroupPolicy/GPOOperations/Manifest" mfst:version="1.0"><BackupInst><GPOGuid><![CDATA[{86EA4A99-C007-4D27-A613-59401285ACF4}]]></GPOGuid><GPODomain><![CDATA[CIS.BM]]></GPODomain><GPODomainGuid><![CDATA[{09a94884-59a0-4a2a-8795-69a6bc23c4e7}]]></GPODomainGuid><GPODomainController><![CDATA[WindowsBMDC.CIS.BM]]></GPODomainController><BackupTime><![CDATA[2023-10-12T18:30:58]]></BackupTime><ID><![CDATA[{7C454D82-1E5A-43C3-A131-64BDF500A7AC}]]></ID><Comment><![CDATA[CIS Microsoft Windows Server 2016 STIG v2.0.0 User Level 1 ]]></Comment><GPODisplayName><![CDATA[Windows Server 2016 STIG 22H2 User L1]]></GPODisplayName></BackupInst></Backups>